{
  "version": "plantable_zone_final_v1",
  "image_id": "sha256:a319a26478988116",
  "image_size": [
    535,
    356
  ],
  "config": {
    "ground": {
      "min_y_centroid": 0.55,
      "min_area_ratio": 0.03,
      "min_bbox_width": 0.35,
      "max_depth_std": 0.25
    },
    "objects": {
      "min_intersection": 0.6,
      "max_area_ratio": 0.05,
      "compact_threshold": 0.65
    },
    "existing_vegetation": {
      "min_green_ratio": 0.5,
      "min_saturation": 40,
      "min_area_ratio": 0.005,
      "max_area_ratio": 0.15,
      "check_texture": true,
      "texture_variance_threshold": 30,
      "exclude_lawn": true,
      "lawn_min_area": 0.1
    },
    "lawn": {
      "min_green_ratio": 0.3,
      "max_green_ratio": 0.7,
      "min_saturation": 20,
      "max_saturation": 60,
      "texture_uniformity": true,
      "max_texture_variance": 25
    },
    "morphology": {
      "fill_holes": true,
      "smooth_iterations": 2,
      "kernel_size": 5
    },
    "anchors": {
      "num_points": 15,
      "min_distance": 0.08,
      "border_margin": 0.05
    }
  },
  "pipeline_steps": {
    "A_ground": {
      "segments": [
        0
      ],
      "coverage": 0.28701564632993803
    },
    "B_objects": {
      "segments": [
        78,
        88,
        89
      ],
      "coverage": 0.0009818334558437467
    },
    "C_vegetation": {
      "segments": [],
      "coverage": 0.0
    },
    "D_plantable_raw": {
      "coverage": 0.2860338128740943
    },
    "E_plantable_final": {
      "coverage": 0.001848157093352935
    }
  },
  "plantable": {
    "coverage": 0.001848157093352935,
    "total_pixels": 352,
    "mask_rle": {
      "size": [
        356,
        535
      ],
      "counts": "_73Q;00OPEOo:3O1OO3O00O11N11N01001OO1001N10O1NQEOo:0RE0n20o40SH0n21n4OTH0Q;0kF1oNOUO1o7OmI0RO0RO1f:0`E0`:Oi:2X[ON^91dNO\\I0QN0<1X7OdJ0TN1^b0Oc_O0h50XJ0g51WJ1j5Ng=0g\\O0\\50cJ1\\50l2001O00OkGOY52iIN[N18Od72l200O12NO1O10O10NQE1m:OSE1Y3OX40^H0]30T40_H0V30b40XH0V30U60UH2bNOi:0cNO40lG1\\f0OXC0PE0f71^K0c4OiY20cTN1b];OVmK0UZH0iQd01Vn[O0_d60b[IO00000000eg11ZXNOYf01gYO00OlR20SmM11001O000000O1002ON11OO10010O00001O0001O000000O10T;0lD00000000000T;000iVe00S^ZO0011OnS:0`SK0ahJ000[f00eYO1Ul5OchJ0X[O0[20YK0\\20ja50U^J0g`20_\\M0bJ0Wf20fYO1[XN0001O70I0YR20gmM0bQ10^nN000Tf02jYO01O00]f00dYOOa\\11_cN0Rn6OlTK0RmM0Yh20gWM1oE"
    },
    "anchors": [
      {
        "id": "p1",
        "x": 0.458,
        "y": 0.747,
        "score": 0.75
      },
      {
        "id": "p2",
        "x": 0.065,
        "y": 0.907,
        "score": 0.91
      },
      {
        "id": "p3",
        "x": 0.082,
        "y": 0.654,
        "score": 0.65
      },
      {
        "id": "p4",
        "x": 0.402,
        "y": 0.736,
        "score": 0.74
      },
      {
        "id": "p5",
        "x": 0.364,
        "y": 0.638,
        "score": 0.64
      },
      {
        "id": "p6",
        "x": 0.114,
        "y": 0.792,
        "score": 0.79
      },
      {
        "id": "p7",
        "x": 0.695,
        "y": 0.893,
        "score": 0.89
      },
      {
        "id": "p8",
        "x": 0.776,
        "y": 0.736,
        "score": 0.74
      },
      {
        "id": "p9",
        "x": 0.77,
        "y": 0.871,
        "score": 0.87
      },
      {
        "id": "p10",
        "x": 0.25,
        "y": 0.949,
        "score": 0.95
      },
      {
        "id": "p11",
        "x": 0.636,
        "y": 0.767,
        "score": 0.77
      },
      {
        "id": "p12",
        "x": 0.207,
        "y": 0.851,
        "score": 0.85
      },
      {
        "id": "p13",
        "x": 0.12,
        "y": 0.941,
        "score": 0.94
      },
      {
        "id": "p14",
        "x": 0.512,
        "y": 0.753,
        "score": 0.75
      },
      {
        "id": "p15",
        "x": 0.834,
        "y": 0.711,
        "score": 0.71
      }
    ]
  }
}