{
  "version": "plantable_zone_robust_v1",
  "image_id": "sha256:a319a26478988116",
  "image_size": [
    535,
    356
  ],
  "config": {
    "ground": {
      "min_y_centroid": 0.55,
      "min_area_ratio": 0.03,
      "min_bbox_width": 0.35,
      "max_depth_std": 0.25
    },
    "objects": {
      "min_intersection": 0.6,
      "max_area_ratio": 0.05,
      "max_aspect_ratio": 2.5,
      "compact_threshold": 0.65
    },
    "morphology": {
      "fill_holes": true,
      "smooth_iterations": 2,
      "kernel_size": 5
    },
    "material": {
      "min_green_ratio": 0.25,
      "min_brown_ratio": 0.15,
      "max_gray_ratio": 0.7,
      "min_saturation": 20,
      "use_excess_green": true,
      "exg_threshold": 10
    },
    "anchors": {
      "num_points": 15,
      "min_distance": 0.08,
      "border_margin": 0.05
    }
  },
  "pipeline_steps": {
    "A_ground_segments": [
      0
    ],
    "B_object_segments": [
      78,
      88,
      89
    ],
    "C_ground_coverage": 0.28701564632993803,
    "D_objects_coverage": 0.0009818334558437467,
    "E_plantable_raw_coverage": 0.2860338128740943,
    "F_plantable_final_coverage": 0.25693583954636146
  },
  "plantable": {
    "coverage": 0.25693583954636146,
    "total_pixels": 48936,
    "mask_rle": {
      "size": [
        356,
        535
      ],
      "counts": "^7g12^NON51N1[8b1dG]NNO0N3301[8b1dG]NONOO=1GON1R8f1mGYNO11O00c00^O3P8d1PH[N2070M1h7f1SHWN1270N2e7e1fHYN\\O0:2c7g1WHVN6331_7f1XHVN4;MNd7b1ZHUN3=MOe7_1[HUN3=M1c7]1eH^NO4[7Y1]H[N8761T7\\1_H]N0NO9>2R7Z1aH]N1NN8?3P7[1`H^N2K09>5n6OcHS14iN;5m60cHT14hNLM49X7MdHV16QOKM[7McHU17ROKLZ7b1kHeNK@OK[7P2jHgNK^O1JZ7Q2kHbNNIW7e1jHcNK[O0=[7e1jHaNL@O12MY7Q2iHbNM@OKO141X7:eHY13eN0KOMO40LZ7:eHY13dN1LMO010MZ7:fHg13[NND00Y79fHi13[NMD0OY7:hHg12[NMF0NY79iHh10]NMD1NY79iHg10_NMD0MZ79iHf10bNLB1MZ79jHe1OcNLB0N[77jHg1LeNODZ71lH^1NQOM_OY72kH^1ORON]OX73lH]1MeN3JL1X72lH_1LeN4IL1W73nHo10lMK2W73mHP21lMLMX77kHo1OgMK63MX77jHQ2NfMN43MW78kHP2KjMO23LX78jHQ2MhMN43JX79jHQ2LiMOK3203V76lHQ2NgMMM33O0Y78kHl13jMGO44MM[7;iHk14iMN4Y78eHk14iMN4Y79cHl15hML6[7c2jHYMI:V7_2PIWMI;W7_2PIUMI<W7`2QIRMG610W7i2RIWMHOV7P2hHcN9_OJMU7Q2hHcN9_OKLU7h0hHV12QNO51LV7f0jHX10RN23KMY7f0jHY1NRN0M14NNY7d0mHZ1KRN1OO3ONY7b0oH\\1IRN2MO:W7MlHO4k1HRN76Q7NiHO:k1ESN0102X70hHL?n1AeNY7@\\Ik1[OeNW8[1iGeNW8[1iGeNW8Z1lGdNT8[1mGeNS8[1mGRNL?W8_1mGRNL?W8_1mGRNL412V8h1mGRNL412W8g1lGSNL?X8^1lGSNK`0Y8]1lGfNT8\\1kGcNU8S1hGcN29V8T1hGdN18X8S1gGdN38V8T1gGdN29W8_1jG`NV8`1jG`NV8n0kGlN05U8o0kGmNO4V8o0kGmNO4V8o0jGoNO2W8d1iG[NW8f1iGYNW8a0gG33\\OV8a0gG42[OX8`0hG30]OX8`0gG41\\OX8f1hGZNX8f1hGZNX8f1hGZNX8d0fGM2_OW8c0iGL0CV8b0kGKNCW8b0lG>T8CkG=U8FhG:W8GiG9W8GkG7U8IkG7T8JlGkNNU1T82nGiNNU1S83QHfNNU1Q85PH2o7OoG3o7b1OJRHXMm7n1QHhN2ZOm7a1WH`NKe02YOk7c1YH_NIf02XOk7d1ZH]NJg00YOk7e1YH]NKk0j7j0[H[NKk0i7m0XH\\Of7hNYHW3g7AYHgMg7k2O100O10aN\\H^Oc7d0\\H\\Od7R2000000001O00000N2O1bNYHZO2mNb7i1\\HYO4mN`7i1^HWOm7h0UHWOk7i0UHXOk7g0TH[O1nNQ71VIe1HER7iNSIc1HFU7hNRIT3n6nLPIR3R7?0000000000HWLVIh3j6XLWIg3i6[LUIe3j6]LSIc3o6YLoHb33bLo6LnHc31bLP7KPIm3o6TLPIn3n64000000000000000HTIXLl6f3VIZLj6d3YI[Lh6c3WI_Li6OTIY32iLk6MSIZ31jLl6LSIZ31jLl6LSI[3OjLo6KQIg3o6YLPIh3P76000eNPIbNP7i2001O00000AQIiLo6KnHV32oLQ7HPIf3P7ZLPIf3P7ZLPI>NR22_M07P7JoHN480V2McM07P8T2WHkMk7S2VHlMj7S2WHmMi7T2VHlMj7T2mGiM23Q8]2mGcMS8g2000nNkGlN3]OR8g1kGlN3]OR8f0kG51^OOH6No7_2QHaMo7_2PHbMQ8]2oGcMQ8]2PHbMP8_2PH`MP8W2kGlM6Mo7W2kGmM5LP8X2jGnM4JR8c2mG]MT8c2kG]MU8i20nNiGWOW8i0iGWOW8h0jGXOV8h0jGXOW8g0iGYOW8h0hGXOX8j100000000000000001O0_NjG4V8LkG3U8MkG3U8LlG4T8MlG2T8NlG2T8NlG2T8NlG2T8NkG]OMNX8e0kG\\OONV8f0jG]O1LU8g0iG]O7HP8k0hG_OOYO7<R8f1gGnM7<R8f1PHZNQ8e1oG[NQ8e1oG[NQ8e1oG[NQ8e1oG[NQ8e1nG\\NS8[1fG]N78S8[1fG]N78S8[1fG\\N98R8[1eG]N98R8[1eG]N98R8[1dG^N1K30N;Z8d1eGQN7:T8e1eGRN69U8e1QHYNo7g1QHYNo7h1gGQN37V8i1eGSN25Y8]2000000000000000000000000000000000000000cMgGo1Y8RNeGo1[8=001O0KcGcM]8[2fGdMZ8]2eGcM[8c2000^OdG\\N\\8c1fG\\NZ8d1fG\\NY8e1gG[NX8f1hGZNW8g1hGZNX8Y2000000000fMgGi1[8SNiGIKm1]8XNjGIJo1\\8XNjGIKn1Z8ZNkGHLm1Y8ZNlGIKm1Y8[NkGHLm1W8RNgG77JKm1]8VNmGk1n7QNYHQ2i7oMUHQ2j7RNTHn1m7QNSHo1m7QNeG36\\1KiN[8HbG54IMa12iN\\80fGY1NgN\\81eGX1NhN]81dGf1\\8[NdGd1]8[NcGe1]8[NcGe1]8TN`G03l1]8TNaG00m1_8SNbGT2^8lMdGR2\\8oMdGP2]8oMcGl1LRNa82cGOLe13YN^83dGNKg11YN`82eGo1[8RNdGn1\\8RNdGn1\\8SNcGh1MSN`85cGf1OUN^86bGe10UN`84`Gg10UN`84`Gh1g8WNYGi1g8WNZGj1d8VNeGe1W8[NiGe1W8[N]GL024a1c8aNYGL033`1d8aNZGKO55\\1b8dN]G01^1a8`N^G30`1`8]N_G40`1a8\\N_G40`1a8\\N_G4Oa1b8[N_GQ2a8oM_GQ2a8oM`GP2a8oM_GQ2a8oM_Gl1KUNf8O_GQ2a8oM_GQ2a8oM_GQ2a8nM`G4Nc1b8YN`G4Nc1b8YN`G3Od1a8YN`G5Na1a8[N\\G0070^1d8mN\\GR1d8bN[G21\\1d8nN\\GR1c8nN`GP1`8PO`GP1`8oNaGQ1_8PO`GP1`8oNaGQ1^8QOaGo0_8POcGo0]8RObGn0]8ROdGn0\\8SOcGm0]8ROcGo0\\8TOaGm0_8l0O10000O100000000000^NaG?_8@bG`0^8@dG\\OMd0_80dG[ONe0]81eGZONe0\\83dG<\\8V100O100O1000PNfG^O0W10jNZ8a0gG\\O0Y1OjNZ8`0hG]OO0OQ12ROX8`0hG]OOO1Q10SOX87hGG1NN01Q11ROW87jGGOON02o01TOT89lGD0ON20e0M_O6MQ8;oGDNON10f0N^O5NR8:oGCO0M>NN0H7No7<QHBM0NW13lNQ8;RHC0b1n7\\NjG=7E0c1n7[NlG=6E0c1n7[NmG<4F2c1m7[NmGf08a0GROS8HnGd08c0GQOS8HmGe09`0KQOo7d0VH;KQOo7d0UH:NROm7f0RH91QOl7g0SH:OoNn7h0RH:OnNo7h0RH;LoNR8NnG=4f0LoNQ8NQHNN55\\1l7aNQH<3S1l7oNPHB4U1NfNm7d0QHA4T10fNj7e0TH@NI0\\14fNi7f0TH@3S11gNh7f0UH^O42K=N@6Mg7g0VH^O31L=MB5Li7f0VH^O4NOg0NWOi7f0VH_O3M0i0JWOm7c0WH@LI226S1e7BWH@LJ117S1e7BXHYOJ22N117T1d7BXHYOJ22N116U1e7AXHYOJ23MN0O29l0KUOi7f0YHWOL24NJ28m0LTOi7f0]HXOG011NO84K2O2U8a0RHWOH02ON352L40OU8b0QHYOIO4409MK0Fo7?oGK7JJM46O9MK3Fh7?THJ7IJO4k00[ONIi7?THK7GKO4k01@d7b0\\HTOJ0:e0MDc7d0\\HROJ1:e0N^OHMj7m0`HSOOf00YOi7P1VHQOMj09TO_7i0SH]O8LLk0LUO70IOi7h0WH^O8IMm0KUO7NH002j7g0WH]O9KKl0<UOX7c0WH^O139JLm0;UOX7b0XH_O035JL13k07VOc7b0RH_O035JL04l06YO_7;UHC10034KM03k0MVO41J0h7R1iHGAVO55a7o0hHJJVO]7Q1gHiNBP1:VO]7R1\\HiN4OIo0;TO_7U1YHiN4OIP19TO`7U1ZHjN2MLR12UOMJe7Y1^HiN2MLR12UOe7S1[HiN1OMo02VOe7S1[HiN2NMo01ZOa7Q1_HhN2NMo01ZOa7Q1_HhN2NMo01ZOa7Q1_HhN2NMo01ZO`7R1`HgN2OLn02ZO`7Q1aHhN10Ll02[O`7Q1bHgN01Ll03ZO`7P1kHjNBl03ZO`7P1kHjNBl03ZO]7G`HX1?kNCk0O\\O_7F`H6Oj0`0SOEW1\\7fN`H50k0`0RODX1\\7fN`HX1c0hNAY1\\7gN`HX10hNg0Y1i6gN`HX10hNg0Y1i6gN`HW1l01g6OTIiNZOY1b7NSIjN[OX1b7ORIjN[OW1c7NSIkNZOW1c7PO\\Hf0e0RO\\OX1e7lN]Hj0:TOENOX1\\7gNjH5Lj0:TOENOX1\\7gNeH033N0Nf0:\\OGLOX1`7gNdH2On0MUO2O3U1Z7jNkHW11NS7hNbH39Y1ONU7gNcH2:Y1OLT7oNlHX1NKT7oNlHW1OJU7oNlHW1OJ`6mNeI2LW1OJ`6hNZI197NV1NKa6gNZI199GZ14@KmNf60[I07;IX12Gc6fN[I16e3_6aLaI_3_6aLaIm1MUOb6nN`In1NTOb6nN^IFM2OP27XO^6RO`Ik11TO_6QO_I0Me01B4_OMS1b6I\\I32@3BNm0LROe6l0\\I23AM_O231Q1a6J\\I23AM@042o0b6J\\I15AKA041P1c6I\\I23ALB022P1c6I\\I23ALI2k0d6H[I50M06e6H[IJOl1f6ZN[IJOl1f6XN]ILM=0RO0o0f6F\\IMN<1QO0o0f6D^IU1LXN0g0OZOg6b0]IU1NXNOg0OZOg6b0^IT1NXNOg0N[Oi6`0[IW1OWNNP1g6i1YI]Nf6d1\\IZNd6f1\\IZNd6f1\\IZNd6f1]IYNc6g1]IYNc6g1^IXNK"
    },
    "anchors": [
      {
        "id": "p1",
        "x": 0.107,
        "y": 0.817,
        "score": 0.82
      },
      {
        "id": "p2",
        "x": 0.082,
        "y": 0.669,
        "score": 0.67
      },
      {
        "id": "p3",
        "x": 0.391,
        "y": 0.753,
        "score": 0.75
      },
      {
        "id": "p4",
        "x": 0.505,
        "y": 0.823,
        "score": 0.82
      },
      {
        "id": "p5",
        "x": 0.157,
        "y": 0.86,
        "score": 0.86
      },
      {
        "id": "p6",
        "x": 0.944,
        "y": 0.688,
        "score": 0.69
      },
      {
        "id": "p7",
        "x": 0.865,
        "y": 0.705,
        "score": 0.71
      },
      {
        "id": "p8",
        "x": 0.45,
        "y": 0.744,
        "score": 0.74
      },
      {
        "id": "p9",
        "x": 0.351,
        "y": 0.829,
        "score": 0.83
      },
      {
        "id": "p10",
        "x": 0.056,
        "y": 0.846,
        "score": 0.85
      },
      {
        "id": "p11",
        "x": 0.559,
        "y": 0.893,
        "score": 0.89
      },
      {
        "id": "p12",
        "x": 0.688,
        "y": 0.882,
        "score": 0.88
      },
      {
        "id": "p13",
        "x": 0.439,
        "y": 0.834,
        "score": 0.83
      },
      {
        "id": "p14",
        "x": 0.32,
        "y": 0.638,
        "score": 0.64
      },
      {
        "id": "p15",